<?xml version="1.0" encoding="UTF-8"?>
<project-private xmlns="http://www.netbeans.org/ns/project-private/1">
    <editor-bookmarks xmlns="http://www.netbeans.org/ns/editor-bookmarks/2" lastBookmarkId="0"/>
    <open-files xmlns="http://www.netbeans.org/ns/projectui-open-files/2">
        <group>
            <file>file:/C:/Users/Asus-X441MA/Downloads/bunggaku/src/karanganbungafx/BungaDataModel.java</file>
            <file>file:/C:/Users/Asus-X441MA/Downloads/bunggaku/src/karanganbungafx/KaranganDocumentContoller.java</file>
            <file>file:/C:/Users/Asus-X441MA/Downloads/bunggaku/src/karanganbungafx/Customer.java</file>
            <file>file:/C:/Users/Asus-X441MA/Downloads/bunggaku/src/karanganbungafx/Main.java</file>
            <file>file:/C:/Users/Asus-X441MA/Downloads/bunggaku/src/karanganbungafx/BungaSintetis.java</file>
            <file>file:/C:/Users/Asus-X441MA/Downloads/bunggaku/src/karanganbungafx/Bunga.java</file>
            <file>file:/C:/Users/Asus-X441MA/Downloads/bunggaku/src/karanganbungafx/BungaAlami.java</file>
        </group>
    </open-files>
</project-private>
